,1,2,3,4,5,6,7,8,9,10,11,,1,3,2,1,5,6,7,8,9,40,11,经济健康总分
对象1,0,4,4,4,4,0,1,4,4,4,0,,0,1,1,1,1,0,1,1,1,1,0,8
对象2,1,4,4,4,4,0,0,4,4,4,2,,1,1,1,1,1,0,0,1,1,1,2,10
对象3,2,3,2,4,3,0,3,4,0,4,0,,2,2,3,1,2,0,3,1,0,1,0,15
对象4,0,4,4,4,4,0,0,4,3,4,0,,0,1,1,1,1,0,0,1,2,1,0,8
对象5,2,1,3,4,3,4,4,1,0,0,4,,2,4,2,1,2,4,4,4,0,0,4,27
对象6,2,4,4,4,3,2,2,1,4,4,2,,2,1,1,1,2,2,2,4,1,1,2,19
对象7,2,3,4,4,3,0,2,3,3,3,3,,2,2,1,1,2,0,2,2,2,2,3,19
对象8,0,2,2,4,0,0,2,3,4,4,1,,0,3,3,1,0,0,2,2,1,1,1,14
对象9,0,3,4,4,4,0,0,2,3,3,2,,0,2,1,1,1,0,0,3,2,2,2,14
对象10,0,4,4,4,4,0,2,4,4,4,0,,0,1,1,1,1,0,2,1,1,1,0,9
对象11,2,0,4,0,4,0,2,4,4,3,0,,2,0,1,0,1,0,2,1,1,2,0,10
对象12,0,3,3,3,3,0,2,3,2,3,0,,0,2,2,2,2,0,2,2,3,2,0,17
对象13,2,3,2,3,4,0,2,3,3,3,0,,2,2,3,2,1,0,2,2,2,2,0,18
对象14,1,2,0,4,0,2,2,3,3,0,0,,1,3,0,1,0,2,2,2,2,0,0,13
对象15,0,2,4,4,3,0,1,2,4,3,2,,0,3,1,1,2,0,1,3,1,2,2,16
对象16,1,4,4,3,1,1,2,4,1,3,1,,1,1,1,2,4,1,2,1,4,2,1,20
对象17,0,4,4,4,4,0,0,4,4,4,0,,0,1,1,1,1,0,0,1,1,1,0,7
对象18,2,2,3,3,3,1,4,3,3,3,1,,2,3,2,2,2,1,4,2,2,2,1,23
对象19,2,2,2,2,2,1,2,2,3,3,2,,2,3,3,3,3,1,2,3,2,2,2,26
对象20,0,4,4,4,4,0,0,4,4,4,0,,0,1,1,1,1,0,0,1,1,1,0,7
对象21,0,4,0,4,0,2,2,4,3,4,3,,0,1,0,1,0,2,2,1,2,1,3,13
对象22,0,4,4,4,4,0,2,4,0,4,0,,0,1,1,1,1,0,2,1,0,1,0,8
对象23,0,2,3,3,3,1,0,3,4,3,0,,0,3,2,2,2,1,0,2,1,2,0,15
对象24,0,2,3,4,3,0,0,4,3,3,0,,0,3,2,1,2,0,0,1,2,2,0,13
对象25,2,0,0,0,0,3,3,0,0,0,2,,2,0,0,0,0,3,3,0,0,0,2,10
对象26,2,3,2,1,3,1,2,3,3,3,2,,2,2,3,4,2,1,2,2,2,2,2,24
对象27,2,2,3,4,4,2,2,0,2,4,0,,2,3,2,1,1,2,2,0,3,1,0,17
对象28,0,3,3,3,3,1,2,3,4,3,0,,0,2,2,2,2,1,2,2,1,2,0,16
对象29,0,3,4,4,1,0,0,4,4,4,0,,0,2,1,1,4,0,0,1,1,1,0,11
对象30,0,2,3,4,3,0,2,3,0,4,0,,0,3,2,1,2,0,2,2,0,1,0,13
对象31,0,4,4,4,4,0,2,3,4,4,0,,0,1,1,1,1,0,2,2,1,1,0,10
对象32,2,4,4,0,4,0,2,3,3,4,0,,2,1,1,0,1,0,2,2,2,1,0,12
对象33,2,0,0,0,0,3,3,0,0,0,4,,2,0,0,0,0,3,3,0,0,0,4,12
对象34,0,4,4,4,4,0,0,4,3,4,0,,0,1,1,1,1,0,0,1,2,1,0,8
对象35,3,4,3,3,1,1,2,4,3,2,1,,3,1,2,2,4,1,2,1,2,3,1,22
对象36,1,3,3,3,3,0,1,3,3,3,0,,1,2,2,2,2,0,1,2,2,2,0,16
对象37,2,3,4,2,0,0,2,4,2,3,1,,2,2,1,3,0,0,2,1,3,2,1,17
对象38,0,2,2,3,3,0,3,3,3,2,2,,0,3,3,2,2,0,3,2,2,3,2,22
对象39,4,0,1,0,0,3,4,1,0,0,3,,4,0,4,0,0,3,4,4,0,0,3,22
对象40,3,0,2,2,0,2,3,2,0,1,3,,3,0,3,3,0,2,3,3,0,4,3,24
对象41,2,3,2,3,1,2,3,2,2,2,2,,2,2,3,2,4,2,3,3,3,3,2,29
对象42,0,1,4,4,0,0,2,2,0,4,0,,0,4,1,1,0,0,2,3,0,1,0,12
对象43,2,2,2,2,4,0,2,2,0,2,0,,2,3,3,3,1,0,2,3,0,3,0,20
对象44,1,3,3,4,2,1,1,4,4,4,1,,1,2,2,1,3,1,1,1,1,1,1,15
对象45,3,1,0,0,0,2,2,2,2,2,3,,3,4,0,0,0,2,2,3,3,3,3,23
对象46,3,4,3,3,1,1,2,3,2,3,1,,3,1,2,2,4,1,2,2,3,2,1,23
对象47,3,3,1,0,0,2,3,1,0,0,3,,3,2,4,0,0,2,3,4,0,0,3,21
对象48,2,3,3,1,1,2,3,3,1,3,3,,2,2,2,4,4,2,3,2,4,2,3,30
对象49,3,0,0,0,0,3,4,2,0,1,3,,3,0,0,0,0,3,4,3,0,4,3,20
对象50,0,1,4,3,4,0,0,3,3,3,0,,0,4,1,2,1,0,0,2,2,2,0,14
对象51,2,3,3,4,1,2,3,2,3,2,2,,2,2,2,1,4,2,3,3,2,3,2,26
对象52,0,2,3,3,0,0,3,3,1,2,2,,0,3,2,2,0,0,3,2,4,3,2,21
对象53,2,3,2,4,3,2,2,3,4,0,0,,2,2,3,1,2,2,2,2,1,0,0,17
对象54,2,2,3,2,1,0,2,4,3,3,0,,2,3,2,3,4,0,2,1,2,2,0,21
对象55,0,3,4,3,3,0,1,4,4,3,0,,0,2,1,2,2,0,1,1,1,2,0,12
对象56,0,3,4,4,4,0,1,4,4,3,0,,0,2,1,1,1,0,1,1,1,2,0,10
对象57,0,3,4,3,3,0,0,4,3,4,0,,0,2,1,2,2,0,0,1,2,1,0,11
对象58,0,3,3,3,3,0,0,3,3,3,0,,0,2,2,2,2,0,0,2,2,2,0,14
对象59,0,3,3,3,4,0,1,3,4,3,0,,0,2,2,2,1,0,1,2,1,2,0,13
对象60,0,3,3,3,4,0,2,4,3,3,0,,0,2,2,2,1,0,2,1,2,2,0,14
对象61,4,3,0,0,0,4,4,0,0,0,4,,4,2,0,0,0,4,4,0,0,0,4,18
对象62,3,2,1,1,1,3,3,2,1,1,3,,3,3,4,4,4,3,3,3,4,4,3,38
对象63,0,3,4,3,1,0,0,3,2,3,0,,0,2,1,2,4,0,0,2,3,2,0,16
对象64,1,3,4,3,1,4,1,4,4,4,1,,1,2,1,2,4,4,1,1,1,1,1,19
对象65,0,3,3,4,3,0,0,3,4,3,0,,0,2,2,1,2,0,0,2,1,2,0,12
对象66,0,3,3,3,3,0,2,3,3,3,0,,0,2,2,2,2,0,2,2,2,2,0,16
对象67,1,4,4,3,0,1,2,4,3,3,2,,1,1,1,2,0,1,2,1,2,2,2,15
对象68,1,1,4,3,2,0,2,3,3,3,2,,1,4,1,2,3,0,2,2,2,2,2,21
对象69,2,1,3,3,3,2,2,0,2,0,3,,2,4,2,2,2,2,2,0,3,0,3,22
对象70,0,3,3,4,1,1,2,3,3,3,2,,0,2,2,1,4,1,2,2,2,2,2,20
对象71,4,1,0,0,0,3,4,0,0,0,3,,4,4,0,0,0,3,4,0,0,0,3,18
对象72,0,2,2,3,0,2,2,3,1,2,0,,0,3,3,2,0,2,2,2,4,3,0,21
对象73,1,4,4,3,2,0,0,4,3,3,1,,1,1,1,2,3,0,0,1,2,2,1,14
对象74,3,0,0,2,0,3,4,0,0,0,4,,3,0,0,3,0,3,4,0,0,0,4,17
对象75,4,0,0,0,0,3,3,0,0,0,4,,4,0,0,0,0,3,3,0,0,0,4,14
对象76,1,1,4,3,3,1,1,4,3,3,1,,1,4,1,2,2,1,1,1,2,2,1,18
对象77,2,1,2,4,2,1,3,3,0,3,1,,2,4,3,1,3,1,3,2,0,2,1,22
对象78,2,3,3,4,1,2,3,3,1,2,3,,2,2,2,1,4,2,3,2,4,3,3,28
对象79,1,3,4,3,2,0,1,4,1,4,0,,1,2,1,2,3,0,1,1,4,1,0,16
对象80,1,4,3,3,0,1,1,3,3,3,1,,1,1,2,2,0,1,1,2,2,2,1,15
对象81,2,3,3,3,1,2,3,3,1,3,1,,2,2,2,2,4,2,3,2,4,2,1,26
对象82,1,3,4,4,4,0,1,4,4,4,1,,1,2,1,1,1,0,1,1,1,1,1,11
对象83,3,2,2,2,4,1,3,3,2,2,1,,3,3,3,3,1,1,3,2,3,3,1,26
对象84,2,2,1,3,3,3,2,1,0,2,2,,2,3,4,2,2,3,2,4,0,3,2,27
对象85,2,4,3,3,0,0,2,3,3,2,2,,2,1,2,2,0,0,2,2,2,3,2,18
对象86,0,1,2,3,3,2,1,3,0,1,1,,0,4,3,2,2,2,1,2,0,4,1,21
对象87,0,4,4,3,2,0,1,4,3,3,1,,0,1,1,2,3,0,1,1,2,2,1,14
对象88,2,2,1,2,1,2,2,2,0,3,3,,2,3,4,3,4,2,2,3,0,2,3,28
对象89,3,1,1,1,0,3,4,1,0,0,3,,3,4,4,4,0,3,4,4,0,0,3,29
对象90,2,2,0,3,0,2,3,0,0,0,3,,2,3,0,2,0,2,3,0,0,0,3,15
对象91,0,3,3,3,0,0,0,3,3,3,0,,0,2,2,2,0,0,0,2,2,2,0,12
对象92,0,4,4,4,3,0,0,4,4,4,0,,0,1,1,1,2,0,0,1,1,1,0,8
对象93,0,4,4,4,4,1,1,4,0,3,1,,0,1,1,1,1,1,1,1,0,2,1,10
对象94,2,1,4,4,3,2,3,3,1,2,2,,2,4,1,1,2,2,3,2,4,3,2,26
对象95,4,0,0,1,0,3,3,0,0,0,3,,4,0,0,4,0,3,3,0,0,0,3,17
对象96,2,3,2,4,3,0,2,2,1,3,2,,2,2,3,1,2,0,2,3,4,2,2,23
对象97,2,3,4,4,2,0,2,4,3,3,1,,2,2,1,1,3,0,2,1,2,2,1,17
对象98,3,2,1,1,4,2,3,2,0,2,4,,3,3,4,4,1,2,3,3,0,3,4,30
对象99,3,1,2,1,0,3,4,1,1,0,4,,3,4,3,4,0,3,4,4,4,0,4,33
对象100,0,4,2,4,4,0,0,3,4,3,0,,0,1,3,1,1,0,0,2,1,2,0,11
对象101,0,2,3,4,1,2,0,4,0,4,1,,0,3,2,1,4,2,0,1,0,1,1,15
对象102,0,4,4,4,4,0,0,4,3,4,0,,0,1,1,1,1,0,0,1,2,1,0,8
对象103,2,0,0,2,0,3,3,0,0,0,4,,2,0,0,3,0,3,3,0,0,0,4,15
对象104,0,4,4,4,3,0,2,3,0,4,0,,0,1,1,1,2,0,2,2,0,1,0,10
对象105,0,2,3,3,2,0,2,1,0,4,0,,0,3,2,2,3,0,2,4,0,1,0,17
对象106,0,4,3,2,4,0,0,0,4,3,1,,0,1,2,3,1,0,0,0,1,2,1,11
对象107,0,3,3,3,3,0,2,3,3,4,0,,0,2,2,2,2,0,2,2,2,1,0,15
对象108,0,4,4,4,4,0,2,4,4,3,1,,0,1,1,1,1,0,2,1,1,2,1,11
对象109,0,4,4,4,4,0,2,4,4,3,1,,0,1,1,1,1,0,2,1,1,2,1,11
对象110,2,1,1,3,2,2,2,1,0,0,2,,2,4,4,2,3,2,2,4,0,0,2,25
对象111,2,1,1,3,0,1,2,3,2,3,2,,2,4,4,2,0,1,2,2,3,2,2,24
对象112,0,4,4,4,1,0,0,4,0,4,0,,0,1,1,1,4,0,0,1,0,1,0,9
对象113,2,1,3,3,3,1,3,3,2,2,2,,2,4,2,2,2,1,3,2,3,3,2,26
对象114,2,2,1,4,0,3,3,0,0,1,3,,2,3,4,1,0,3,3,0,0,4,3,23
对象115,1,4,4,3,3,1,2,4,4,4,0,,1,1,1,2,2,1,2,1,1,1,0,13
对象116,2,3,3,3,3,1,2,4,3,4,2,,2,2,2,2,2,1,2,1,2,1,2,19
对象117,4,0,1,1,0,4,4,1,1,0,4,,4,0,4,4,0,4,4,4,4,0,4,32
对象118,4,0,0,2,0,3,4,0,0,0,4,,4,0,0,3,0,3,4,0,0,0,4,18
对象119,2,1,1,3,1,2,3,0,0,1,4,,2,4,4,2,4,2,3,0,0,4,4,29
对象120,0,2,3,4,3,2,3,4,0,3,3,,0,3,2,1,2,2,3,1,0,2,3,19
对象121,0,3,4,4,3,0,0,4,4,4,0,,0,2,1,1,2,0,0,1,1,1,0,9
对象122,1,1,1,3,2,2,3,1,0,2,2,,1,4,4,2,3,2,3,4,0,3,2,28
对象123,0,3,4,4,3,0,0,4,4,4,0,,0,2,1,1,2,0,0,1,1,1,0,9
对象124,2,1,3,3,0,3,3,2,3,3,3,,2,4,2,2,0,3,3,3,2,2,3,26
对象125,2,1,4,3,0,0,3,4,2,2,3,,2,4,1,2,0,0,3,1,3,3,3,22
对象126,2,1,4,3,3,2,2,3,3,3,2,,2,4,1,2,2,2,2,2,2,2,2,23
对象127,2,2,3,2,2,2,2,2,2,2,1,,2,3,2,3,3,2,2,3,3,3,1,27
对象128,2,0,2,3,0,2,2,3,0,0,2,,2,0,3,2,0,2,2,2,0,0,2,15
对象129,4,1,1,1,0,3,4,2,0,1,4,,4,4,4,4,0,3,4,3,0,4,4,34
对象130,1,3,3,4,3,1,3,4,4,2,1,,1,2,2,1,2,1,3,1,1,3,1,18
对象131,1,1,2,4,0,2,2,3,1,2,2,,1,4,3,1,0,2,2,2,4,3,2,24
对象132,0,4,4,4,0,0,1,4,3,4,1,,0,1,1,1,0,0,1,1,2,1,1,9
对象133,0,3,3,3,4,1,3,4,4,2,2,,0,2,2,2,1,1,3,1,1,3,2,18
对象134,0,2,4,4,0,2,2,3,2,2,2,,0,3,1,1,0,2,2,2,3,3,2,19
对象135,1,3,4,4,3,1,2,4,3,3,1,,1,2,1,1,2,1,2,1,2,2,1,16
对象136,2,2,4,3,0,1,2,4,0,3,1,,2,3,1,2,0,1,2,1,0,2,1,15
对象137,2,0,3,2,0,2,3,2,0,2,3,,2,0,2,3,0,2,3,3,0,3,3,21
对象138,0,3,3,3,3,2,2,3,0,3,2,,0,2,2,2,2,2,2,2,0,2,2,18
对象139,2,1,3,3,2,3,3,3,2,3,2,,2,4,2,2,3,3,3,2,3,2,2,28
对象140,1,3,4,4,3,1,2,4,0,2,1,,1,2,1,1,2,1,2,1,0,3,1,15
对象141,3,0,0,4,0,2,3,0,0,0,2,,3,0,0,1,0,2,3,0,0,0,2,11
对象142,2,0,4,4,0,0,2,3,0,1,2,,2,0,1,1,0,0,2,2,0,4,2,14
对象143,2,2,3,3,0,2,2,2,0,3,3,,2,3,2,2,0,2,2,3,0,2,3,21
对象144,2,3,4,4,4,3,1,3,2,3,1,,2,2,1,1,1,3,1,2,3,2,1,19
对象145,0,3,4,4,0,0,0,4,4,3,0,,0,2,1,1,0,0,0,1,1,2,0,8
对象146,1,3,4,3,4,0,1,4,2,3,0,,1,2,1,2,1,0,1,1,3,2,0,14
对象147,2,1,3,4,4,0,2,1,4,0,3,,2,4,2,1,1,0,2,4,1,0,3,20
对象148,2,0,4,4,1,1,3,4,4,3,1,,2,0,1,1,4,1,3,1,1,2,1,17
对象149,1,4,3,3,2,1,1,4,2,3,1,,1,1,2,2,3,1,1,1,3,2,1,18
对象150,1,3,4,4,3,1,1,4,3,4,1,,1,2,1,1,2,1,1,1,2,1,1,14
对象151,3,0,0,4,0,3,3,0,0,1,4,,3,0,0,1,0,3,3,0,0,4,4,18
对象152,2,1,2,3,3,3,2,3,3,3,2,,2,4,3,2,2,3,2,2,2,2,2,26
对象153,2,3,4,3,0,2,3,3,0,3,4,,2,2,1,2,0,2,3,2,0,2,4,20
对象154,3,1,3,2,2,3,2,3,3,4,1,,3,4,2,3,3,3,2,2,2,1,1,26
对象155,2,2,4,4,3,1,2,4,4,3,1,,2,3,1,1,2,1,2,1,1,2,1,17
对象156,1,3,3,4,4,0,1,4,4,2,1,,1,2,2,1,1,0,1,1,1,3,1,14
对象157,1,2,3,4,3,0,2,4,4,4,1,,1,3,2,1,2,0,2,1,1,1,1,15
对象158,1,3,3,4,0,2,2,3,0,4,2,,1,2,2,1,0,2,2,2,0,1,2,15
对象159,1,2,4,3,1,0,1,4,2,3,1,,1,3,1,2,4,0,1,1,3,2,1,19
对象160,0,3,2,3,0,2,2,1,0,2,2,,0,2,3,2,0,2,2,4,0,3,2,20
对象161,0,1,0,4,1,2,2,2,0,3,2,,0,4,0,1,4,2,2,3,0,2,2,20
对象162,0,3,3,4,0,0,1,3,2,4,0,,0,2,2,1,0,0,1,2,3,1,0,12
对象163,3,0,0,0,0,4,4,0,0,0,4,,3,0,0,0,0,4,4,0,0,0,4,15
对象164,2,3,1,3,0,2,2,3,0,2,3,,2,2,4,2,0,2,2,2,0,3,3,22
对象165,3,1,3,2,0,3,3,2,0,0,3,,3,4,2,3,0,3,3,3,0,0,3,24
对象166,2,3,3,4,3,1,3,4,4,3,1,,2,2,2,1,2,1,3,1,1,2,1,18
对象167,2,3,4,4,2,0,1,4,4,4,1,,2,2,1,1,3,0,1,1,1,1,1,14
对象168,0,4,4,4,0,0,1,4,1,4,0,,0,1,1,1,0,0,1,1,4,1,0,10
对象169,2,1,3,4,0,2,2,2,0,0,3,,2,4,2,1,0,2,2,3,0,0,3,19
对象170,2,1,3,3,0,2,2,3,0,4,2,,2,4,2,2,0,2,2,2,0,1,2,19
对象171,1,2,4,4,3,0,2,4,0,4,2,,1,3,1,1,2,0,2,1,0,1,2,14
对象172,2,2,0,4,0,3,3,3,4,0,3,,2,3,0,1,0,3,3,2,1,0,3,18
对象173,3,3,4,4,3,0,1,4,4,4,1,,3,2,1,1,2,0,1,1,1,1,1,14
对象174,3,0,0,3,0,3,3,0,0,0,3,,3,0,0,2,0,3,3,0,0,0,3,14
对象175,3,0,0,3,0,3,3,0,0,0,4,,3,0,0,2,0,3,3,0,0,0,4,15
对象176,0,2,3,4,0,2,2,3,0,2,1,,0,3,2,1,0,2,2,2,0,3,1,16
对象177,3,1,0,0,0,4,4,0,0,0,4,,3,4,0,0,0,4,4,0,0,0,4,19
对象178,2,0,1,1,0,3,3,1,0,0,3,,2,0,4,4,0,3,3,4,0,0,3,23
对象179,0,1,1,3,0,3,3,1,0,3,3,,0,4,4,2,0,3,3,4,0,2,3,25
对象180,1,0,3,3,4,1,1,3,0,3,1,,1,0,2,2,1,1,1,2,0,2,1,13
对象181,3,1,2,3,0,4,4,0,0,0,3,,3,4,3,2,0,4,4,0,0,0,3,23
对象182,4,0,0,2,0,4,4,0,0,0,4,,4,0,0,3,0,4,4,0,0,0,4,19
对象183,0,4,4,4,4,0,2,4,4,4,2,,0,1,1,1,1,0,2,1,1,1,2,11
对象184,0,3,4,4,3,0,1,4,4,4,1,,0,2,1,1,2,0,1,1,1,1,1,11
对象185,4,1,4,4,3,0,2,4,0,3,2,,4,4,1,1,2,0,2,1,0,2,2,19
对象186,1,0,4,4,0,2,2,4,0,0,2,,1,0,1,1,0,2,2,1,0,0,2,10
对象187,2,0,3,4,0,3,3,2,0,0,2,,2,0,2,1,0,3,3,3,0,0,2,16
对象188,2,3,0,4,2,3,3,1,0,1,3,,2,2,0,1,3,3,3,4,0,4,3,25
对象189,2,1,1,3,3,2,2,2,3,0,2,,2,4,4,2,2,2,2,3,2,0,2,25
对象190,1,2,0,3,0,3,2,3,0,2,2,,1,3,0,2,0,3,2,2,0,3,2,18
对象191,1,4,4,4,2,2,2,3,0,3,2,,1,1,1,1,3,2,2,2,0,2,2,17
对象192,0,2,4,4,3,0,0,4,4,4,1,,0,3,1,1,2,0,0,1,1,1,1,11
对象193,2,0,1,4,0,2,3,1,0,2,3,,2,0,4,1,0,2,3,4,0,3,3,22
对象194,3,0,3,0,0,3,3,1,0,1,3,,3,0,2,0,0,3,3,4,0,4,3,22
对象195,1,0,3,4,0,2,2,3,0,3,2,,1,0,2,1,0,2,2,2,0,2,2,14
对象196,0,3,4,4,0,0,2,4,0,3,1,,0,2,1,1,0,0,2,1,0,2,1,10
对象197,0,2,4,4,2,0,2,4,1,3,2,,0,3,1,1,3,0,2,1,4,2,2,19
对象198,0,3,3,4,0,0,2,4,0,4,0,,0,2,2,1,0,0,2,1,0,1,0,9
对象199,3,0,0,3,0,3,3,0,0,0,3,,3,0,0,2,0,3,3,0,0,0,3,14
对象200,3,1,2,3,0,3,3,0,0,0,3,,3,4,3,2,0,3,3,0,0,0,3,21
对象201,0,0,1,3,0,3,3,1,2,0,3,,0,0,4,2,0,3,3,4,3,0,3,22
对象202,0,4,4,4,4,0,2,4,4,4,2,,0,1,1,1,1,0,2,1,1,1,2,11
对象203,1,1,3,3,3,1,2,4,3,4,1,,1,4,2,2,2,1,2,1,2,1,1,19
对象204,2,0,3,4,0,2,2,4,0,0,2,,2,0,2,1,0,2,2,1,0,0,2,12
对象205,0,1,4,4,2,0,1,3,4,3,1,,0,4,1,1,3,0,1,2,1,2,1,16
对象206,3,4,0,4,0,3,3,3,0,0,3,,3,1,0,1,0,3,3,2,0,0,3,16
对象207,2,0,2,3,2,2,2,2,0,2,2,,2,0,3,2,3,2,2,3,0,3,2,22
对象208,0,2,3,4,1,2,2,3,0,3,2,,0,3,2,1,4,2,2,2,0,2,2,20
对象209,0,3,3,3,2,1,1,3,0,3,1,,0,2,2,2,3,1,1,2,0,2,1,16
对象210,2,1,3,4,3,0,2,4,4,4,1,,2,4,2,1,2,0,2,1,1,1,1,17
对象211,2,0,2,4,0,2,3,3,3,2,2,,2,0,3,1,0,2,3,2,2,3,2,20
对象212,2,0,0,3,0,2,3,1,0,0,3,,2,0,0,2,0,2,3,4,0,0,3,16
对象213,0,3,4,4,0,2,2,3,0,3,2,,0,2,1,1,0,2,2,2,0,2,2,14
对象214,0,3,4,4,0,2,2,3,0,3,2,,0,2,1,1,0,2,2,2,0,2,2,14
对象215,0,0,4,4,0,0,0,4,2,3,0,,0,0,1,1,0,0,0,1,3,2,0,8
对象216,0,3,4,4,3,0,1,4,3,4,1,,0,2,1,1,2,0,1,1,2,1,1,12
对象217,1,2,4,4,4,1,1,3,4,3,1,,1,3,1,1,1,1,1,2,1,2,1,15
对象218,0,3,3,4,0,0,2,4,0,2,1,,0,2,2,1,0,0,2,1,0,3,1,12
对象219,0,3,3,4,0,0,1,4,2,3,1,,0,2,2,1,0,0,1,1,3,2,1,13
对象220,0,4,4,3,0,0,1,3,0,3,1,,0,1,1,2,0,0,1,2,0,2,1,10
对象221,1,2,4,4,2,0,1,4,4,4,1,,1,3,1,1,3,0,1,1,1,1,1,14
对象222,1,3,4,4,2,0,0,4,4,3,1,,1,2,1,1,3,0,0,1,1,2,1,13
对象223,0,1,4,4,4,0,1,4,0,4,1,,0,4,1,1,1,0,1,1,0,1,1,11
对象224,2,0,1,4,1,3,3,3,0,1,2,,2,0,4,1,4,3,3,2,0,4,2,25
对象225,2,0,0,3,0,3,3,0,0,0,2,,2,0,0,2,0,3,3,0,0,0,2,12
对象226,3,0,0,3,0,3,3,1,0,0,3,,3,0,0,2,0,3,3,4,0,0,3,18
对象227,0,3,4,3,3,2,2,4,2,3,2,,0,2,1,2,2,2,2,1,3,2,2,19
对象228,0,2,4,4,1,0,2,4,0,3,0,,0,3,1,1,4,0,2,1,0,2,0,14
对象229,0,2,3,3,3,0,0,3,4,3,1,,0,3,2,2,2,0,0,2,1,2,1,15
对象230,0,2,3,3,0,2,2,3,0,3,2,,0,3,2,2,0,2,2,2,0,2,2,17
对象231,0,2,3,3,3,0,1,3,4,3,0,,0,3,2,2,2,0,1,2,1,2,0,15
对象232,2,1,3,3,0,2,3,3,3,2,3,,2,4,2,2,0,2,3,2,2,3,3,25
对象233,1,1,3,3,3,1,2,4,0,3,0,,1,4,2,2,2,1,2,1,0,2,0,17
对象234,3,1,2,2,0,3,3,2,1,2,4,,3,4,3,3,0,3,3,3,4,3,4,33
对象235,3,0,2,4,0,3,4,3,0,3,3,,3,0,3,1,0,3,4,2,0,2,3,21
对象236,0,3,4,4,2,0,1,4,3,4,1,,0,2,1,1,3,0,1,1,2,1,1,13
对象237,0,4,4,4,0,4,0,4,4,4,0,,0,1,1,1,0,4,0,1,1,1,0,10
对象238,0,3,3,4,1,0,2,4,3,3,1,,0,2,2,1,4,0,2,1,2,2,1,17
对象239,0,4,4,4,3,0,1,4,3,3,1,,0,1,1,1,2,0,1,1,2,2,1,12
对象240,0,3,4,4,2,0,0,4,0,4,0,,0,2,1,1,3,0,0,1,0,1,0,9
对象241,0,4,3,4,3,2,2,3,3,3,2,,0,1,2,1,2,2,2,2,2,2,2,18
对象242,0,3,4,4,3,2,2,3,3,3,2,,0,2,1,1,2,2,2,2,2,2,2,18
对象243,1,2,0,4,0,3,3,0,0,3,2,,1,3,0,1,0,3,3,0,0,2,2,15
对象244,1,2,2,3,0,2,2,1,1,2,2,,1,3,3,2,0,2,2,4,4,3,2,26
对象245,1,0,1,4,0,2,3,2,0,0,2,,1,0,4,1,0,2,3,3,0,0,2,16
对象246,2,4,4,4,1,2,2,1,0,3,2,,2,1,1,1,4,2,2,4,0,2,2,21
对象247,0,4,4,4,0,2,2,4,2,3,2,,0,1,1,1,0,2,2,1,3,2,2,15
对象248,2,0,3,4,0,3,3,2,3,3,3,,2,0,2,1,0,3,3,3,2,2,3,21
对象249,3,2,0,0,0,2,4,0,0,0,4,,3,3,0,0,0,2,4,0,0,0,4,16
对象250,3,2,1,3,0,3,3,1,0,0,3,,3,3,4,2,0,3,3,4,0,0,3,25
对象251,1,2,3,4,0,2,2,4,0,0,2,,1,3,2,1,0,2,2,1,0,0,2,14
对象252,2,3,2,4,0,2,2,1,0,2,2,,2,2,3,1,0,2,2,4,0,3,2,21
对象253,0,3,4,4,1,0,1,4,4,2,0,,0,2,1,1,4,0,1,1,1,3,0,14
对象254,2,0,2,4,0,3,3,2,0,0,3,,2,0,3,1,0,3,3,3,0,0,3,18
对象255,0,2,2,2,3,1,1,2,4,2,0,,0,3,3,3,2,1,1,3,1,3,0,20
对象256,2,1,4,4,4,1,3,3,4,2,1,,2,4,1,1,1,1,3,2,1,3,1,20
对象257,1,3,4,4,0,2,2,2,0,1,3,,1,2,1,1,0,2,2,3,0,4,3,19
对象258,2,3,2,4,0,3,3,2,0,0,3,,2,2,3,1,0,3,3,3,0,0,3,20
对象259,2,1,0,4,0,2,3,1,0,0,3,,2,4,0,1,0,2,3,4,0,0,3,19
对象260,0,4,4,4,3,0,1,4,0,4,1,,0,1,1,1,2,0,1,1,0,1,1,9
对象261,0,3,4,4,3,0,0,4,3,3,0,,0,2,1,1,2,0,0,1,2,2,0,11
对象262,0,3,0,4,3,2,2,0,0,0,2,,0,2,0,1,2,2,2,0,0,0,2,11
对象263,0,2,4,4,2,2,2,4,3,3,2,,0,3,1,1,3,2,2,1,2,2,2,19
对象264,0,3,4,4,2,2,2,4,2,3,2,,0,2,1,1,3,2,2,1,3,2,2,19
对象265,0,4,4,4,2,2,0,4,4,4,0,,0,1,1,1,3,2,0,1,1,1,0,11
对象266,3,4,4,4,2,0,3,4,3,4,2,,3,1,1,1,3,0,3,1,2,1,2,18
对象267,0,2,4,4,0,2,2,3,3,4,2,,0,3,1,1,0,2,2,2,2,1,2,16
对象268,0,2,2,4,4,2,2,3,2,0,2,,0,3,3,1,1,2,2,2,3,0,2,19
对象269,2,0,4,4,0,2,2,3,3,2,2,,2,0,1,1,0,2,2,2,2,3,2,17
对象270,1,3,4,4,0,0,2,4,0,4,1,,1,2,1,1,0,0,2,1,0,1,1,10
对象271,0,0,4,4,4,0,2,4,4,0,1,,0,0,1,1,1,0,2,1,1,0,1,8
对象272,0,3,4,4,4,0,0,4,4,4,0,,0,2,1,1,1,0,0,1,1,1,0,8
对象273,0,4,4,4,3,0,0,4,4,4,0,,0,1,1,1,2,0,0,1,1,1,0,8
对象274,0,4,4,4,4,0,0,4,4,1,0,,0,1,1,1,1,0,0,1,1,4,0,10
对象275,3,0,0,3,0,3,3,0,0,0,3,,3,0,0,2,0,3,3,0,0,0,3,14
对象276,1,4,2,4,3,3,2,2,0,4,2,,1,1,3,1,2,3,2,3,0,1,2,19
对象277,1,4,3,4,0,2,3,3,0,4,2,,1,1,2,1,0,2,3,2,0,1,2,15
对象278,2,2,0,3,0,2,3,2,0,1,3,,2,3,0,2,0,2,3,3,0,4,3,22
对象279,3,1,3,0,4,2,3,2,2,0,3,,3,4,2,0,1,2,3,3,3,0,3,24
对象280,1,0,3,0,4,1,2,4,1,4,4,,1,0,2,0,1,1,2,1,4,1,4,17
对象281,3,1,0,0,1,2,4,0,0,0,3,,3,4,0,0,4,2,4,0,0,0,3,20
对象282,0,0,4,4,4,0,2,3,4,4,2,,0,0,1,1,1,0,2,2,1,1,2,11
对象283,0,1,3,4,4,2,2,3,4,1,2,,0,4,2,1,1,2,2,2,1,4,2,21
对象284,0,2,3,1,3,0,2,4,3,2,3,,0,3,2,4,2,0,2,1,2,3,3,22
对象285,0,3,3,4,2,0,2,4,3,4,2,,0,2,2,1,3,0,2,1,2,1,2,16
对象286,0,2,3,3,2,3,2,3,1,1,2,,0,3,2,2,3,3,2,2,4,4,2,27
对象287,2,4,4,4,3,0,2,3,4,0,2,,2,1,1,1,2,0,2,2,1,0,2,14
对象288,0,2,4,4,1,0,0,4,3,0,0,,0,3,1,1,4,0,0,1,2,0,0,12
对象289,0,2,3,4,0,1,2,4,0,4,2,,0,3,2,1,0,1,2,1,0,1,2,13
对象290,0,4,4,4,2,0,0,4,3,4,0,,0,1,1,1,3,0,0,1,2,1,0,10
对象291,0,4,4,0,3,0,0,4,4,4,0,,0,1,1,0,2,0,0,1,1,1,0,7
对象292,0,4,4,4,0,0,0,4,2,3,0,,0,1,1,1,0,0,0,1,3,2,0,9
对象293,2,0,2,0,1,3,3,0,1,2,2,,2,0,3,0,4,3,3,0,4,3,2,24
对象294,2,3,4,4,0,0,3,4,3,3,2,,2,2,1,1,0,0,3,1,2,2,2,16
对象295,0,0,4,4,4,0,2,4,4,3,2,,0,0,1,1,1,0,2,1,1,2,2,11
对象296,0,4,4,4,4,0,0,4,3,4,0,,0,1,1,1,1,0,0,1,2,1,0,8
对象297,0,3,4,4,3,0,1,4,4,2,2,,0,2,1,1,2,0,1,1,1,3,2,14
对象298,0,2,1,4,2,2,1,3,3,2,3,,0,3,4,1,3,2,1,2,2,3,3,24
对象299,0,1,4,1,0,2,3,3,1,3,2,,0,4,1,4,0,2,3,2,4,2,2,24
对象300,1,2,1,3,0,3,3,3,1,3,3,,1,3,4,2,0,3,3,2,4,2,3,27
对象301,0,2,4,4,4,0,1,4,4,4,1,,0,3,1,1,1,0,1,1,1,1,1,11
对象302,3,0,3,4,3,1,2,1,0,0,2,,3,0,2,1,2,1,2,4,0,0,2,17
对象303,2,4,3,4,3,2,2,4,4,3,1,,2,1,2,1,2,2,2,1,1,2,1,17
对象304,0,3,2,4,3,0,1,4,3,3,1,,0,2,3,1,2,0,1,1,2,2,1,15
对象305,0,2,3,1,3,0,1,3,4,4,0,,0,3,2,4,2,0,1,2,1,1,0,16
对象306,0,3,4,4,4,0,1,4,4,4,1,,0,2,1,1,1,0,1,1,1,1,1,10
对象307,2,3,2,4,4,0,3,3,4,3,2,,2,2,3,1,1,0,3,2,1,2,2,19
对象308,4,1,0,0,0,4,4,0,0,1,3,,4,4,0,0,0,4,4,0,0,4,3,23
对象309,2,4,1,2,0,3,4,1,1,2,3,,2,1,4,3,0,3,4,4,4,3,3,31
对象310,1,2,3,3,3,1,3,2,1,3,2,,1,3,2,2,2,1,3,3,4,2,2,25
对象311,3,0,0,3,0,3,3,0,3,0,3,,3,0,0,2,0,3,3,0,2,0,3,16
对象312,0,4,4,4,3,0,0,4,4,4,0,,0,1,1,1,2,0,0,1,1,1,0,8
对象313,2,4,4,4,2,2,2,4,1,2,2,,2,1,1,1,3,2,2,1,4,3,2,22
对象314,0,3,4,4,4,0,0,4,4,4,0,,0,2,1,1,1,0,0,1,1,1,0,8
对象315,0,4,4,4,4,0,0,4,4,4,0,,0,1,1,1,1,0,0,1,1,1,0,7
对象316,0,4,2,4,4,0,1,4,4,4,1,,0,1,3,1,1,0,1,1,1,1,1,11
对象317,4,3,4,4,3,2,2,4,0,3,2,,4,2,1,1,2,2,2,1,0,2,2,19
对象318,0,4,4,4,4,2,0,4,3,3,2,,0,1,1,1,1,2,0,1,2,2,2,13
对象319,0,4,4,4,2,0,1,4,4,3,1,,0,1,1,1,3,0,1,1,1,2,1,12
对象320,2,4,1,4,3,2,2,3,0,3,2,,2,1,4,1,2,2,2,2,0,2,2,20
对象321,0,4,3,4,0,0,0,4,0,4,1,,0,1,2,1,0,0,0,1,0,1,1,7
对象322,0,4,4,4,3,0,2,4,3,4,2,,0,1,1,1,2,0,2,1,2,1,2,13
对象323,0,4,4,4,3,1,2,4,3,4,1,,0,1,1,1,2,1,2,1,2,1,1,13
对象324,0,4,4,4,3,0,0,4,3,3,0,,0,1,1,1,2,0,0,1,2,2,0,10
对象325,3,1,0,4,0,2,3,1,0,0,2,,3,4,0,1,0,2,3,4,0,0,2,19
对象326,0,4,4,4,4,0,1,4,3,4,1,,0,1,1,1,1,0,1,1,2,1,1,10
对象327,0,4,4,4,3,2,3,4,3,1,2,,0,1,1,1,2,2,3,1,2,4,2,19
对象328,2,3,0,4,0,2,3,1,0,2,2,,2,2,0,1,0,2,3,4,0,3,2,19
对象329,2,0,3,3,4,1,2,3,2,3,2,,2,0,2,2,1,1,2,2,3,2,2,19
对象330,2,2,1,3,2,3,4,1,0,2,3,,2,3,4,2,3,3,4,4,0,3,3,31
对象331,0,4,4,4,3,0,0,4,4,0,0,,0,1,1,1,2,0,0,1,1,0,0,7
对象332,0,4,4,4,3,0,2,4,3,3,2,,0,1,1,1,2,0,2,1,2,2,2,14
对象333,2,2,3,0,0,2,3,3,3,3,3,,2,3,2,0,0,2,3,2,2,2,3,21
对象334,0,4,4,4,2,0,0,4,0,4,0,,0,1,1,1,3,0,0,1,0,1,0,8
对象335,0,4,3,4,4,0,2,4,4,4,1,,0,1,2,1,1,0,2,1,1,1,1,11
对象336,0,4,4,4,3,2,1,4,2,3,1,,0,1,1,1,2,2,1,1,3,2,1,15
对象337,0,4,4,4,4,0,0,4,4,4,0,,0,1,1,1,1,0,0,1,1,1,0,7
对象338,2,4,4,4,3,2,2,3,0,0,2,,2,1,1,1,2,2,2,2,0,0,2,15
对象339,3,4,0,4,0,3,3,0,0,0,3,,3,1,0,1,0,3,3,0,0,0,3,14
对象340,0,4,4,4,4,0,1,4,4,4,1,,0,1,1,1,1,0,1,1,1,1,1,9
对象341,0,4,4,4,4,0,1,4,4,4,1,,0,1,1,1,1,0,1,1,1,1,1,9
对象342,2,3,3,4,0,1,2,3,0,3,2,,2,2,2,1,0,1,2,2,0,2,2,16
对象343,2,2,4,4,0,0,1,4,0,3,1,,2,3,1,1,0,0,1,1,0,2,1,12
对象344,1,4,4,4,4,2,4,4,0,4,1,,1,1,1,1,1,2,4,1,0,1,1,14
对象345,2,1,2,3,0,3,2,2,0,0,2,,2,4,3,2,0,3,2,3,0,0,2,21
对象346,2,0,4,4,0,2,2,4,0,0,2,,2,0,1,1,0,2,2,1,0,0,2,11
对象347,2,4,4,4,4,2,2,3,3,3,2,,2,1,1,1,1,2,2,2,2,2,2,18
对象348,0,4,4,4,3,0,1,4,4,4,0,,0,1,1,1,2,0,1,1,1,1,0,9
对象349,2,4,1,4,3,2,2,1,4,0,2,,2,1,4,1,2,2,2,4,1,0,2,21
对象350,0,4,4,4,4,0,0,4,4,4,0,,0,1,1,1,1,0,0,1,1,1,0,7
对象351,2,4,4,4,4,0,2,4,3,3,1,,2,1,1,1,1,0,2,1,2,2,1,14
对象352,2,1,1,4,0,3,3,1,0,0,2,,2,4,4,1,0,3,3,4,0,0,2,23
对象353,2,0,3,4,3,2,2,4,3,3,1,,2,0,2,1,2,2,2,1,2,2,1,17
对象354,0,2,3,4,0,0,2,4,4,4,1,,0,3,2,1,0,0,2,1,1,1,1,12
对象355,0,2,3,4,4,1,2,3,3,1,1,,0,3,2,1,1,1,2,2,2,4,1,19
对象356,2,0,2,3,0,2,1,4,0,2,3,,2,0,3,2,0,2,1,1,0,3,3,17
对象357,2,3,2,3,0,1,1,4,2,2,1,,2,2,3,2,0,1,1,1,3,3,1,19
对象358,2,3,4,4,0,2,2,4,3,2,2,,2,2,1,1,0,2,2,1,2,3,2,18
对象359,2,3,4,2,1,1,2,4,2,3,1,,2,2,1,3,4,1,2,1,3,2,1,22
对象360,1,3,3,4,0,1,1,3,3,3,1,,1,2,2,1,0,1,1,2,2,2,1,15
对象361,0,0,4,4,4,3,4,4,4,4,3,,0,0,1,1,1,3,4,1,1,1,3,16
对象362,3,0,0,0,0,4,4,0,0,0,0,,3,0,0,0,0,4,4,0,0,0,0,11
对象363,2,4,2,2,0,2,0,4,4,4,0,,2,1,3,3,0,2,0,1,1,1,0,14
对象364,1,4,4,3,3,1,2,4,4,0,0,,1,1,1,2,2,1,2,1,1,0,0,12
对象365,2,2,1,0,2,2,2,1,0,1,2,,2,3,4,0,3,2,2,4,0,4,2,26
对象366,1,2,2,2,0,1,2,2,1,2,2,,1,3,3,3,0,1,2,3,4,3,2,25
对象367,0,3,3,2,0,0,1,2,0,3,1,,0,2,2,3,0,0,1,3,0,2,1,14
对象368,0,2,3,2,0,0,0,3,0,2,0,,0,3,2,3,0,0,0,2,0,3,0,13
对象369,1,2,2,2,2,1,1,2,0,2,1,,1,3,3,3,3,1,1,3,0,3,1,22
对象370,2,2,1,4,3,3,3,3,0,0,3,,2,3,4,1,2,3,3,2,0,0,3,23
对象371,1,2,1,1,0,1,2,4,4,3,2,,1,3,4,4,0,1,2,1,1,2,2,21
对象372,2,2,2,3,2,1,2,2,3,3,2,,2,3,3,2,3,1,2,3,2,2,2,25
对象373,1,2,2,2,0,0,0,2,0,2,0,,1,3,3,3,0,0,0,3,0,3,0,16
对象374,1,2,2,2,0,1,1,2,0,2,2,,1,3,3,3,0,1,1,3,0,3,2,20
对象375,2,1,0,2,0,2,2,0,0,0,2,,2,4,0,3,0,2,2,0,0,0,2,15
对象376,2,4,4,4,4,1,2,4,0,1,1,,2,1,1,1,1,1,2,1,0,4,1,15
对象377,4,1,0,0,0,0,0,0,0,0,0,,4,4,0,0,0,0,0,0,0,0,0,8
对象378,0,2,2,2,0,0,1,3,0,2,1,,0,3,3,3,0,0,1,2,0,3,1,16
对象379,2,2,2,2,1,1,2,2,1,2,2,,2,3,3,3,4,1,2,3,4,3,2,30
对象380,2,2,2,2,0,1,2,2,0,2,2,,2,3,3,3,0,1,2,3,0,3,2,22
对象381,1,2,1,1,0,0,2,0,0,0,2,,1,3,4,4,0,0,2,0,0,0,2,16
对象382,1,3,2,2,0,1,1,3,0,2,2,,1,2,3,3,0,1,1,2,0,3,2,18
对象383,2,2,0,0,0,0,0,0,0,0,0,,2,3,0,0,0,0,0,0,0,0,0,5
对象384,0,4,4,4,0,0,1,4,0,4,1,,0,1,1,1,0,0,1,1,0,1,1,7
对象385,1,2,2,2,2,1,1,3,0,2,1,,1,3,3,3,3,1,1,2,0,3,1,21
对象386,1,1,1,1,1,1,0,1,1,1,1,,1,4,4,4,4,1,0,4,4,4,1,31
对象387,1,2,2,2,2,2,0,2,2,2,0,,1,3,3,3,3,2,0,3,3,3,0,24
对象388,0,2,2,2,0,2,0,3,0,1,0,,0,3,3,3,0,2,0,2,0,4,0,17
对象389,1,2,2,2,2,2,2,2,2,2,2,,1,3,3,3,3,2,2,3,3,3,2,28
对象390,0,2,3,3,2,0,0,3,2,2,1,,0,3,2,2,3,0,0,2,3,3,1,19
对象391,0,2,2,2,2,0,1,2,2,2,2,,0,3,3,3,3,0,1,3,3,3,2,24
对象392,2,2,2,2,1,2,2,2,2,1,2,,2,3,3,3,4,2,2,3,3,4,2,31
对象393,1,2,2,2,0,2,1,2,1,2,1,,1,3,3,3,0,2,1,3,4,3,1,24
对象394,2,4,4,4,4,1,1,4,4,4,1,,2,1,1,1,1,1,1,1,1,1,1,12
对象395,2,2,2,2,0,2,1,3,0,2,2,,2,3,3,3,0,2,1,2,0,3,2,21
对象396,2,4,4,4,4,2,2,4,4,2,2,,2,1,1,1,1,2,2,1,1,3,2,17
对象397,2,2,4,4,0,2,2,4,1,1,2,,2,3,1,1,0,2,2,1,4,4,2,22
对象398,2,2,2,2,2,2,2,4,4,4,0,,2,3,3,3,3,2,2,1,1,1,0,21
对象399,2,0,1,1,1,2,2,1,1,1,3,,2,0,4,4,4,2,2,4,4,4,3,33
对象400,0,3,3,2,0,0,0,3,0,2,0,,0,2,2,3,0,0,0,2,0,3,0,12
对象401,1,2,2,2,0,0,0,2,2,2,0,,1,3,3,3,0,0,0,3,3,3,0,19
对象402,1,2,3,2,2,0,2,2,2,2,2,,1,3,2,3,3,0,2,3,3,3,2,25
对象403,0,2,2,2,2,3,0,3,2,3,0,,0,3,3,3,3,3,0,2,3,2,0,22
对象404,1,2,2,2,2,1,1,2,2,2,1,,1,3,3,3,3,1,1,3,3,3,1,25
对象405,2,2,2,2,1,1,2,2,1,2,2,,2,3,3,3,4,1,2,3,4,3,2,30
对象406,0,2,2,2,2,2,2,2,2,1,1,,0,3,3,3,3,2,2,3,3,4,1,27
对象407,1,2,2,3,2,2,1,3,2,2,1,,1,3,3,2,3,2,1,2,3,3,1,24
对象408,2,2,2,2,1,1,2,2,0,2,2,,2,3,3,3,4,1,2,3,0,3,2,26
对象409,1,2,2,2,2,1,1,2,1,2,1,,1,3,3,3,3,1,1,3,4,3,1,26
对象410,1,2,2,3,2,1,0,3,1,2,1,,1,3,3,2,3,1,0,2,4,3,1,23
对象411,1,2,2,3,0,0,0,2,0,0,0,,1,3,3,2,0,0,0,3,0,0,0,12
对象412,2,3,3,2,2,1,2,2,0,2,2,,2,2,2,3,3,1,2,3,0,3,2,23
对象413,2,3,2,2,0,1,2,2,2,2,2,,2,2,3,3,0,1,2,3,3,3,2,24
对象414,2,2,0,2,1,1,1,3,1,2,1,,2,3,0,3,4,1,1,2,4,3,1,24
对象415,0,3,3,2,0,0,0,2,0,2,0,,0,2,2,3,0,0,0,3,0,3,0,13
对象416,0,1,2,2,0,1,0,2,0,2,1,,0,4,3,3,0,1,0,3,0,3,1,18
对象417,1,3,3,4,3,0,1,3,3,3,1,,1,2,2,1,2,0,1,2,2,2,1,16
对象418,1,3,2,2,2,0,1,2,3,1,2,,1,2,3,3,3,0,1,3,2,4,2,24
对象419,2,2,1,2,0,2,2,2,2,2,2,,2,3,4,3,0,2,2,3,3,3,2,27
对象420,2,4,2,2,0,2,2,2,0,2,2,,2,1,3,3,0,2,2,3,0,3,2,21
对象421,2,2,3,2,0,1,2,3,0,2,2,,2,3,2,3,0,1,2,2,0,3,2,20
对象422,0,2,3,2,2,0,0,3,2,2,1,,0,3,2,3,3,0,0,2,3,3,1,20
,,,,,,,,,,,,,,,,,,,,,,,,17.35±5.99
